Workbook

Sheet Roads
A1: check_id | B1: city | C1: road_name | D1: from_cross_street | E1: to_cross_street | F1: osm_way_id | G1: our_speed_mph | H1: our_speed_source | I1: cart_legal_per_map | J1: street_view_link | K1: map_link | L1: posted_speed_seen_mph | M1: sign_location_note | N1: imagery_date | O1: confidence | P1: status | Q1: checker_initials | R1: notes | S1: our_gis_survey_mph | T1: gis_survey_source | U1: source_link | V1: agree_YN | W1: resolved_mph | X1: why_in_batch | Y1: routes_using | Z1: length_m | AA1: region | AB1: gcm_ref
A2: SD-B2-001 | B2: San Diego area | C2: 7th Street | D2: Palm Avenue | E2: Silver Strand Boulevard | F2: 1347742299 | H2: inferred | I2: no | J2: https://www.google.com/maps/@?api=1&map_action=pano&viewpoint=32.584135,-117.118030&heading=180 | K2: https://www.google.com/maps/search/?api=1&query=32.584135,-117.118030 | P2: pending | V2: =IF(OR(L2="",S2=""),"",IF(VALUE(L2)=VALUE(S2),"Y","N")) | W2: =IF(V2="Y",S2,"") | X2: RED ISLAND: 77 m of 7th Street at no limit between 25 mph on both sides (gap); is the posted limit really higher here? | Z2: 77 | AA2: sd | AB2: sd|32.58414,-117.11803
A3: SD-B2-002 | B3: San Diego area | C3: West Plaza Boulevard | D3: (see map link) | E3: Coolidge Avenue | F3: 1346159098 | H3: inferred | I3: no | J3: https://www.google.com/maps/@?api=1&map_action=pano&viewpoint=32.673290,-117.109105&heading=71 | K3: https://www.google.com/maps/search/?api=1&query=32.673290,-117.109105 | P3: pending | V3: =IF(OR(L3="",S3=""),"",IF(VALUE(L3)=VALUE(S3),"Y","N")) | W3: =IF(V3="Y",S3,"") | X3: RED ISLAND: 271 m of West Plaza Boulevard at no limit between 25 mph on both sides (gap); is the posted limit really higher here? | Z3: 271 | AA3: sd | AB3: sd|32.67329,-117.10910
A4: SD-B2-003 | B4: San Diego area | C4: Ocean Boulevard | D4: Alameda Boulevard | E4: R.H. Dana Place | F4: 5959682 | H4: inferred | I4: no | J4: https://www.google.com/maps/@?api=1&map_action=pano&viewpoint=32.682930,-117.182105&heading=122 | K4: https://www.google.com/maps/search/?api=1&query=32.682930,-117.182105 | P4: pending | V4: =IF(OR(L4="",S4=""),"",IF(VALUE(L4)=VALUE(S4),"Y","N")) | W4: =IF(V4="Y",S4,"") | X4: RED ISLAND: 465 m of Ocean Boulevard at no limit between 25 mph on both sides (gap); is the posted limit really higher here? | Z4: 465 | AA4: sd | AB4: sd|32.68293,-117.18211
A5: SD-B2-004 | B5: San Diego area | C5: Osborn Street | D5: Division Street | E5: East 1st Street | H5: inferred | I5: no | J5: https://www.google.com/maps/@?api=1&map_action=pano&viewpoint=32.682925,-117.109700&heading=161 | K5: https://www.google.com/maps/search/?api=1&query=32.682925,-117.109700 | P5: pending | V5: =IF(OR(L5="",S5=""),"",IF(VALUE(L5)=VALUE(S5),"Y","N")) | W5: =IF(V5="Y",S5,"") | X5: RED ISLAND: 249 m of Osborn Street at no limit between 25 mph on both sides (gap); is the posted limit really higher here? | Z5: 249 | AA5: sd | AB5: sd|32.68292,-117.10970
A6: SD-B2-005 | B6: San Diego area | C6: West 18th Street | D6: (see map link) | E6: West 19th Street | F6: 136517093 | H6: inferred | I6: no | J6: https://www.google.com/maps/@?api=1&map_action=pano&viewpoint=32.665370,-117.110165&heading=251 | K6: https://www.google.com/maps/search/?api=1&query=32.665370,-117.110165 | P6: pending | V6: =IF(OR(L6="",S6=""),"",IF(VALUE(L6)=VALUE(S6),"Y","N")) | W6: =IF(V6="Y",S6,"") | X6: RED ISLAND: 303 m of West 18th Street at no limit between 25 mph on both sides (gap); is the posted limit really higher here? | Z6: 303 | AA6: sd | AB6: sd|32.66537,-117.11016
A7: SD-B2-006 | B7: San Diego area | C7: Civic Center Drive | D7: East Harbor Drive | E7: Cleveland Avenue | F7: 151692017 | H7: inferred | I7: no | J7: https://www.google.com/maps/@?api=1&map_action=pano&viewpoint=32.669305,-117.113145&heading=253 | K7: https://www.google.com/maps/search/?api=1&query=32.669305,-117.113145 | P7: pending | V7: =IF(OR(L7="",S7=""),"",IF(VALUE(L7)=VALUE(S7),"Y","N")) | W7: =IF(V7="Y",S7,"") | X7: RED ISLAND: 106 m of Civic Center Drive at no limit between 25/30 mph on both sides (gap); is the posted limit really higher here? | Z7: 106 | AA7: sd | AB7: sd|32.66931,-117.11315
A8: SD-B2-007 | B8: San Diego area | C8: 1st Street | D8: Orange Avenue | E8: D Avenue | F8: 1346399905 | H8: inferred | I8: no | J8: https://www.google.com/maps/@?api=1&map_action=pano&viewpoint=32.698100,-117.170775&heading=117 | K8: https://www.google.com/maps/search/?api=1&query=32.698100,-117.170775 | P8: pending | V8: =IF(OR(L8="",S8=""),"",IF(VALUE(L8)=VALUE(S8),"Y","N")) | W8: =IF(V8="Y",S8,"") | X8: RED ISLAND: 588 m of 1st Street at no limit between 25 mph on both sides (gap); is the posted limit really higher here? | Z8: 588 | AA8: sd | AB8: sd|32.69810,-117.17077
A9: SD-B2-008 | B9: San Diego area | C9: Boston Avenue | D9: South 28th Street | E9: South 29th Street | F9: 1341614180 | H9: inferred | I9: no | J9: https://www.google.com/maps/@?api=1&map_action=pano&viewpoint=32.693840,-117.132485&heading=90 | K9: https://www.google.com/maps/search/?api=1&query=32.693840,-117.132485 | P9: pending | V9: =IF(OR(L9="",S9=""),"",IF(VALUE(L9)=VALUE(S9),"Y","N")) | W9: =IF(V9="Y",S9,"") | X9: RED ISLAND: 201 m of Boston Avenue at no limit between 25 mph on both sides (gap); is the posted limit really higher here? | Z9: 201 | AA9: sd | AB9: sd|32.69384,-117.13249
A10: SD-B2-009 | B10: San Diego area | C10: 1st Street | D10: (see map link) | E10: I Avenue | F10: 1526415634 | H10: inferred | I10: no | J10: https://www.google.com/maps/@?api=1&map_action=pano&viewpoint=32.700540,-117.176560&heading=116 | K10: https://www.google.com/maps/search/?api=1&query=32.700540,-117.176560 | P10: pending | V10: =IF(OR(L10="",S10=""),"",IF(VALUE(L10)=VALUE(S10),"Y","N")) | W10: =IF(V10="Y",S10,"") | X10: RED ISLAND: 692 m of 1st Street at no limit between 25 mph on both sides (gap); is the posted limit really higher here? | Z10: 692 | AA10: sd | AB10: sd|32.70054,-117.17656
A11: SD-B2-010 | B11: San Diego area | C11: Kettner Boulevard | D11: (see map link) | E11: Market Place | F11: 1098930355 | G11: 40 | H11: tag | I11: no | J11: https://www.google.com/maps/@?api=1&map_action=pano&viewpoint=32.710760,-117.169210&heading=180 | K11: https://www.google.com/maps/search/?api=1&query=32.710760,-117.169210 | P11: pending | V11: =IF(OR(L11="",S11=""),"",IF(VALUE(L11)=VALUE(S11),"Y","N")) | W11: =IF(V11="Y",S11,"") | X11: RED ISLAND: 461 m of Kettner Boulevard at 40 mph between 15/25 mph on both sides (single); is the posted limit really higher here? | Z11: 461 | AA11: sd | AB11: sd|32.71076,-117.16921
A12: SD-B2-011 | B12: San Diego area | C12: North 19th Street | D12: East Island Avenue | E12: Market Street | H12: inferred | I12: no | J12: https://www.google.com/maps/@?api=1&map_action=pano&viewpoint=32.711000,-117.146710&heading=0 | K12: https://www.google.com/maps/search/?api=1&query=32.711000,-117.146710 | P12: pending | V12: =IF(OR(L12="",S12=""),"",IF(VALUE(L12)=VALUE(S12),"Y","N")) | W12: =IF(V12="Y",S12,"") | X12: RED ISLAND: 299 m of North 19th Street at no limit between 25 mph on both sides (gap); is the posted limit really higher here? | Z12: 299 | AA12: sd | AB12: sd|32.71100,-117.14671
A13: SD-B2-012 | B13: San Diego area | C13: Lincoln Avenue | D13: (see map link) | E13: (see map link) | F13: 25298033 | H13: inferred | I13: no | J13: https://www.google.com/maps/@?api=1&map_action=pano&viewpoint=32.750370,-117.123270&heading=90 | K13: https://www.google.com/maps/search/?api=1&query=32.750370,-117.123270 | P13: pending | V13: =IF(OR(L13="",S13=""),"",IF(VALUE(L13)=VALUE(S13),"Y","N")) | W13: =IF(V13="Y",S13,"") | X13: RED ISLAND: 81 m of Lincoln Avenue at no limit between 25/30 mph on both sides (gap); is the posted limit really higher here? | Z13: 81 | AA13: sd | AB13: sd|32.75037,-117.12327
A14: SD-B2-013 | B14: San Diego area | C14: J Street | D14: (see map link) | E14: North 19th Street | F14: 25518446 | H14: inferred | I14: no | J14: https://www.google.com/maps/@?api=1&map_action=pano&viewpoint=32.709415,-117.147590&heading=89 | K14: https://www.google.com/maps/search/?api=1&query=32.709415,-117.147590 | P14: pending | V14: =IF(OR(L14="",S14=""),"",IF(VALUE(L14)=VALUE(S14),"Y","N")) | W14: =IF(V14="Y",S14,"") | X14: RED ISLAND: 124 m of J Street at no limit between 25 mph on both sides (gap); is the posted limit really higher here? | Z14: 124 | AA14: sd | AB14: sd|32.70941,-117.14759
A15: SD-B2-014 | B15: San Diego area | C15: Mission Avenue | D15: Shirley Ann Place | E15: Madison Avenue | F15: 1415679779 | H15: inferred | I15: no | J15: https://www.google.com/maps/@?api=1&map_action=pano&viewpoint=32.761375,-117.139355&heading=28 | K15: https://www.google.com/maps/search/?api=1&query=32.761375,-117.139355 | P15: pending | V15: =IF(OR(L15="",S15=""),"",IF(VALUE(L15)=VALUE(S15),"Y","N")) | W15: =IF(V15="Y",S15,"") | X15: RED ISLAND: 138 m of Mission Avenue at no limit between 25 mph on both sides (gap); is the posted limit really higher here? | Z15: 138 | AA15: sd | AB15: sd|32.76138,-117.13935
A16: SD-B2-015 | B16: San Diego area | C16: K Street | D16: 4th Avenue | E16: 5th Avenue | H16: inferred | I16: no | J16: https://www.google.com/maps/@?api=1&map_action=pano&viewpoint=32.708320,-117.160580&heading=90 | K16: https://www.google.com/maps/search/?api=1&query=32.708320,-117.160580 | P16: pending | V16: =IF(OR(L16="",S16=""),"",IF(VALUE(L16)=VALUE(S16),"Y","N")) | W16: =IF(V16="Y",S16,"") | X16: RED ISLAND: 88 m of K Street at no limit between 25 mph on both sides (gap); is the posted limit really higher here? | Z16: 88 | AA16: sd | AB16: sd|32.70832,-117.16058
A17: SD-B2-016 | B17: San Diego area | C17: Boundary Street | D17: (see map link) | E17: University Avenue | H17: inferred | I17: no | J17: https://www.google.com/maps/@?api=1&map_action=pano&viewpoint=32.747635,-117.122910&heading=178 | K17: https://www.google.com/maps/search/?api=1&query=32.747635,-117.122910 | P17: pending | V17: =IF(OR(L17="",S17=""),"",IF(VALUE(L17)=VALUE(S17),"Y","N")) | W17: =IF(V17="Y",S17,"") | X17: RED ISLAND: 121 m of Boundary Street at no limit between 25 mph on both sides (gap); is the posted limit really higher here? | Z17: 121 | AA17: sd | AB17: sd|32.74764,-117.12291
A18: SD-B2-017 | B18: San Diego area | C18: Pacific Highway | D18: Waterfront Place | E18: Midway Place | F18: 436287704 | H18: inferred | I18: no | J18: https://www.google.com/maps/@?api=1&map_action=pano&viewpoint=32.714295,-117.171160&heading=178 | K18: https://www.google.com/maps/search/?api=1&query=32.714295,-117.171160 | P18: pending | V18: =IF(OR(L18="",S18=""),"",IF(VALUE(L18)=VALUE(S18),"Y","N")) | W18: =IF(V18="Y",S18,"") | X18: RED ISLAND: 475 m of Pacific Highway at no limit between 25/35 mph on both sides (gap); is the posted limit really higher here? | Z18: 475 | AA18: sd | AB18: sd|32.71429,-117.17116
A19: SD-B2-018 | B19: San Diego area | C19: Park Boulevard | D19: East Broadway | E19: East B Street | F19: 621450949 | H19: inferred | I19: no | J19: https://www.google.com/maps/@?api=1&map_action=pano&viewpoint=32.716890,-117.153700&heading=34 | K19: https://www.google.com/maps/search/?api=1&query=32.716890,-117.153700 | P19: pending | V19: =IF(OR(L19="",S19=""),"",IF(VALUE(L19)=VALUE(S19),"Y","N")) | W19: =IF(V19="Y",S19,"") | X19: RED ISLAND: 701 m of Park Boulevard at no limit between 25 mph on both sides (gap); is the posted limit really higher here? | Z19: 701 | AA19: sd | AB19: sd|32.71689,-117.15370
A20: SD-B2-019 | B20: San Diego area | C20: Upas Street | D20: 30th Street | E20: 30th Street | H20: inferred | I20: no | J20: https://www.google.com/maps/@?api=1&map_action=pano&viewpoint=32.741095,-117.129500&heading=96 | K20: https://www.google.com/maps/search/?api=1&query=32.741095,-117.129500 | P20: pending | V20: =IF(OR(L20="",S20=""),"",IF(VALUE(L20)=VALUE(S20),"Y","N")) | W20: =IF(V20="Y",S20,"") | X20: RED ISLAND: 94 m of Upas Street at no limit between 25 mph on both sides (gap); is the posted limit really higher here? | Z20: 94 | AA20: sd | AB20: sd|32.74110,-117.12950
A21: SD-B2-020 | B21: San Diego area | C21: Morena Boulevard | D21: Napa Street | E21: West Morena Boulevard | F21: 234852472 | H21: inferred | I21: no | J21: https://www.google.com/maps/@?api=1&map_action=pano&viewpoint=32.765010,-117.198190&heading=158 | K21: https://www.google.com/maps/search/?api=1&query=32.765010,-117.198190 | P21: pending | V21: =IF(OR(L21="",S21=""),"",IF(VALUE(L21)=VALUE(S21),"Y","N")) | W21: =IF(V21="Y",S21,"") | X21: RED ISLAND: 572 m of Morena Boulevard at 40 mph between 30/35 mph on both sides (single); is the posted limit really higher here? | Z21: 572 | AA21: sd | AB21: sd|32.76501,-117.19819
A22: SD-B2-021 | B22: San Diego area | C22: Morena Boulevard | D22: Napa Street | E22: West Morena Boulevard | F22: 1071947302 | H22: inferred | I22: no | J22: https://www.google.com/maps/@?api=1&map_action=pano&viewpoint=32.766685,-117.198810&heading=338 | K22: https://www.google.com/maps/search/?api=1&query=32.766685,-117.198810 | P22: pending | V22: =IF(OR(L22="",S22=""),"",IF(VALUE(L22)=VALUE(S22),"Y","N")) | W22: =IF(V22="Y",S22,"") | X22: RED ISLAND: 162 m of Morena Boulevard at no limit between 30/35 mph on both sides (gap); is the posted limit really higher here? | Z22: 162 | AA22: sd | AB22: sd|32.76668,-117.19881
A23: SD-B2-022 | B23: San Diego area | C23: Camino del Este | D23: Camino del Rio North | E23: Station Village Lane | F23: 159135343 | H23: inferred | I23: no | J23: https://www.google.com/maps/@?api=1&map_action=pano&viewpoint=32.772575,-117.144730&heading=345 | K23: https://www.google.com/maps/search/?api=1&query=32.772575,-117.144730 | P23: pending | V23: =IF(OR(L23="",S23=""),"",IF(VALUE(L23)=VALUE(S23),"Y","N")) | W23: =IF(V23="Y",S23,"") | X23: RED ISLAND: 742 m of Camino del Este at no limit between 25 mph on both sides (gap); is the posted limit really higher here? | Z23: 742 | AA23: sd | AB23: sd|32.77258,-117.14473
A24: SD-B2-023 | B24: San Diego area | C24: Wabash Avenue | D24: (see map link) | E24: University Avenue | F24: 182002455 | H24: inferred | I24: no | J24: https://www.google.com/maps/@?api=1&map_action=pano&viewpoint=32.748870,-117.120700&heading=344 | K24: https://www.google.com/maps/search/?api=1&query=32.748870,-117.120700 | P24: pending | V24: =IF(OR(L24="",S24=""),"",IF(VALUE(L24)=VALUE(S24),"Y","N")) | W24: =IF(V24="Y",S24,"") | X24: RED ISLAND: 49 m of Wabash Avenue at no limit between 25 mph on both sides (gap); is the posted limit really higher here? | Z24: 49 | AA24: sd | AB24: sd|32.74887,-117.12070
A25: SD-B2-024 | B25: San Diego area | C25: Mission Valley Road | D25: Mission Center Road | E25: Metropolitan Drive | F25: 641733672 | H25: inferred | I25: no | J25: https://www.google.com/maps/@?api=1&map_action=pano&viewpoint=32.777920,-117.156060&heading=276 | K25: https://www.google.com/maps/search/?api=1&query=32.777920,-117.156060 | P25: pending | V25: =IF(OR(L25="",S25=""),"",IF(VALUE(L25)=VALUE(S25),"Y","N")) | W25: =IF(V25="Y",S25,"") | X25: RED ISLAND: 461 m of Mission Valley Road at no limit between 25/35 mph on both sides (gap); is the posted limit really higher here? | Z25: 461 | AA25: sd | AB25: sd|32.77792,-117.15606
A26: SD-B2-025 | B26: San Diego area | C26: Fort Stockton Drive | D26: Sunset Boulevard | E26: Stephens Street | F26: 225763786 | H26: inferred | I26: no | J26: https://www.google.com/maps/@?api=1&map_action=pano&viewpoint=32.750880,-117.179240&heading=138 | K26: https://www.google.com/maps/search/?api=1&query=32.750880,-117.179240 | P26: pending | V26: =IF(OR(L26="",S26=""),"",IF(VALUE(L26)=VALUE(S26),"Y","N")) | W26: =IF(V26="Y",S26,"") | X26: RED ISLAND: 123 m of Fort Stockton Drive at no limit between 25 mph on both sides (gap); is the posted limit really higher here? | Z26: 123 | AA26: sd | AB26: sd|32.75088,-117.17924
A27: SD-B2-026 | B27: San Diego area | C27: Market Street | D27: (see map link) | E27: 24th Street | F27: 436305535 | H27: inferred | I27: no | J27: https://www.google.com/maps/@?api=1&map_action=pano&viewpoint=32.711540,-117.144445&heading=90 | K27: https://www.google.com/maps/search/?api=1&query=32.711540,-117.144445 | P27: pending | V27: =IF(OR(L27="",S27=""),"",IF(VALUE(L27)=VALUE(S27),"Y","N")) | W27: =IF(V27="Y",S27,"") | X27: RED ISLAND: 283 m of Market Street at no limit between 25/30 mph on both sides (gap); is the posted limit really higher here? | Z27: 283 | AA27: sd | AB27: sd|32.71154,-117.14445
A28: SD-B2-027 | B28: San Diego area | C28: 6th Avenue | D28: Upas Street | E28: Balboa Drive | F28: 436407058 | H28: inferred | I28: no | J28: https://www.google.com/maps/@?api=1&map_action=pano&viewpoint=32.740965,-117.159425&heading=350 | K28: https://www.google.com/maps/search/?api=1&query=32.740965,-117.159425 | P28: pending | V28: =IF(OR(L28="",S28=""),"",IF(VALUE(L28)=VALUE(S28),"Y","N")) | W28: =IF(V28="Y",S28,"") | X28: RED ISLAND: 25 m of 6th Avenue at no limit between 30 mph on both sides (gap); is the posted limit really higher here? | Z28: 25 | AA28: sd | AB28: sd|32.74097,-117.15942
A29: SD-B2-028 | B29: San Diego area | C29: Lincoln Avenue | D29: 32nd Street | E29: Boundary Street | F29: 159273817 | H29: inferred | I29: no | J29: https://www.google.com/maps/@?api=1&map_action=pano&viewpoint=32.750360,-117.124395&heading=90 | K29: https://www.google.com/maps/search/?api=1&query=32.750360,-117.124395 | P29: pending | V29: =IF(OR(L29="",S29=""),"",IF(VALUE(L29)=VALUE(S29),"Y","N")) | W29: =IF(V29="Y",S29,"") | X29: RED ISLAND: 145 m of Lincoln Avenue at no limit between 25 mph on both sides (gap); is the posted limit really higher here? | Z29: 145 | AA29: sd | AB29: sd|32.75036,-117.12439
A30: SD-B2-029 | B30: San Diego area | C30: East C Street | D30: North 16th Street | E30: North 17th Street | F30: 1026612446 | H30: inferred | I30: no | J30: https://www.google.com/maps/@?api=1&map_action=pano&viewpoint=32.716805,-117.149005&heading=89 | K30: https://www.google.com/maps/search/?api=1&query=32.716805,-117.149005 | P30: pending | V30: =IF(OR(L30="",S30=""),"",IF(VALUE(L30)=VALUE(S30),"Y","N")) | W30: =IF(V30="Y",S30,"") | X30: RED ISLAND: 84 m of East C Street at no limit between 25 mph on both sides (gap); is the posted limit really higher here? | Z30: 84 | AA30: sd | AB30: sd|32.71681,-117.14901
A31: SD-B2-030 | B31: San Diego area | C31: Wightman Street | D31: Swift Avenue | E31: (see map link) | H31: inferred | I31: no | J31: https://www.google.com/maps/@?api=1&map_action=pano&viewpoint=32.747905,-117.118845&heading=89 | K31: https://www.google.com/maps/search/?api=1&query=32.747905,-117.118845 | P31: pending | V31: =IF(OR(L31="",S31=""),"",IF(VALUE(L31)=VALUE(S31),"Y","N")) | W31: =IF(V31="Y",S31,"") | X31: RED ISLAND: 124 m of Wightman Street at no limit between 25 mph on both sides (gap); is the posted limit really higher here? | Z31: 124 | AA31: sd | AB31: sd|32.74791,-117.11884
A32: SD-B2-031 | B32: San Diego area | C32: India Street | D32: Chalmers Street | E32: San Diego Avenue | F32: 1119813420 | H32: inferred | I32: no | J32: https://www.google.com/maps/@?api=1&map_action=pano&viewpoint=32.741720,-117.179850&heading=327 | K32: https://www.google.com/maps/search/?api=1&query=32.741720,-117.179850 | P32: pending | V32: =IF(OR(L32="",S32=""),"",IF(VALUE(L32)=VALUE(S32),"Y","N")) | W32: =IF(V32="Y",S32,"") | X32: RED ISLAND: 36 m of India Street at no limit between 25/35 mph on both sides (gap); is the posted limit really higher here? | Z32: 36 | AA32: sd | AB32: sd|32.74172,-117.17985
A33: SD-B2-032 | B33: San Diego area | C33: North 16th Street | D33: East B Street | E33: (see map link) | F33: 1242731129 | H33: inferred | I33: no | J33: https://www.google.com/maps/@?api=1&map_action=pano&viewpoint=32.717350,-117.149500&heading=358 | K33: https://www.google.com/maps/search/?api=1&query=32.717350,-117.149500 | P33: pending | V33: =IF(OR(L33="",S33=""),"",IF(VALUE(L33)=VALUE(S33),"Y","N")) | W33: =IF(V33="Y",S33,"") | X33: RED ISLAND: 107 m of North 16th Street at no limit between 25 mph on both sides (gap); is the posted limit really higher here? | Z33: 107 | AA33: sd | AB33: sd|32.71735,-117.14950
A34: SD-B2-033 | B34: San Diego area | C34: Clairemont Drive | D34: (see map link) | E34: Iroquois Avenue | F34: 436423866 | H34: inferred | I34: no | J34: https://www.google.com/maps/@?api=1&map_action=pano&viewpoint=32.795800,-117.193380&heading=11 | K34: https://www.google.com/maps/search/?api=1&query=32.795800,-117.193380 | P34: pending | V34: =IF(OR(L34="",S34=""),"",IF(VALUE(L34)=VALUE(S34),"Y","N")) | W34: =IF(V34="Y",S34,"") | X34: RED ISLAND: 347 m of Clairemont Drive at no limit between 35 mph on both sides (gap); is the posted limit really higher here? | Z34: 347 | AA34: sd | AB34: sd|32.79580,-117.19338
A35: SD-B2-034 | B35: San Diego area | C35: Sandrock Road | D35: Hammond Drive | E35: Gramercy Drive | F35: 907920660 | H35: inferred | I35: no | J35: https://www.google.com/maps/@?api=1&map_action=pano&viewpoint=32.803715,-117.139695&heading=147 | K35: https://www.google.com/maps/search/?api=1&query=32.803715,-117.139695 | P35: pending | V35: =IF(OR(L35="",S35=""),"",IF(VALUE(L35)=VALUE(S35),"Y","N")) | W35: =IF(V35="Y",S35,"") | X35: RED ISLAND: 543 m of Sandrock Road at no limit between 25/35 mph on both sides (gap); is the posted limit really higher here? | Z35: 543 | AA35: sd | AB35: sd|32.80371,-117.13969
A36: SD-B2-035 | B36: San Diego area | C36: Camino del Sur | D36: Park Village Road | E36: Park Village Road | F36: 225758759 | H36: inferred | I36: no | J36: https://www.google.com/maps/@?api=1&map_action=pano&viewpoint=32.940920,-117.151865&heading=15 | K36: https://www.google.com/maps/search/?api=1&query=32.940920,-117.151865 | P36: pending | V36: =IF(OR(L36="",S36=""),"",IF(VALUE(L36)=VALUE(S36),"Y","N")) | W36: =IF(V36="Y",S36,"") | X36: RED ISLAND: 202 m of Camino del Sur at no limit between 25 mph on both sides (gap); is the posted limit really higher here? | Z36: 202 | AA36: sd | AB36: sd|32.94092,-117.15187
A37: SD-B2-036 | B37: San Diego area | C37: Rancho Santa Fe Farms Road | D37: Carmel Valley Road | E37: (see map link) | F37: 178595486 | G37: 40 | H37: tag | I37: no | J37: https://www.google.com/maps/@?api=1&map_action=pano&viewpoint=32.968410,-117.178470&heading=348 | K37: https://www.google.com/maps/search/?api=1&query=32.968410,-117.178470 | P37: pending | V37: =IF(OR(L37="",S37=""),"",IF(VALUE(L37)=VALUE(S37),"Y","N")) | W37: =IF(V37="Y",S37,"") | X37: RED ISLAND: 52 m of Rancho Santa Fe Farms Road at 40 mph between 25/35 mph on both sides (single); is the posted limit really higher here? | Z37: 52 | AA37: sd | AB37: sd|32.96841,-117.17847
A38: SD-B2-037 | B38: San Diego area | C38: Point Loma Avenue | D38: Sunset Cliffs Boulevard | E38: Ebers Street | H38: inferred | I38: no | J38: https://www.google.com/maps/@?api=1&map_action=pano&viewpoint=32.734810,-117.252415&heading=125 | K38: https://www.google.com/maps/search/?api=1&query=32.734810,-117.252415 | P38: pending | V38: =IF(OR(L38="",S38=""),"",IF(VALUE(L38)=VALUE(S38),"Y","N")) | W38: =IF(V38="Y",S38,"") | X38: RED ISLAND: 400 m of Point Loma Avenue at no limit between 25 mph on both sides (gap); is the posted limit really higher here? | Z38: 400 | AA38: sd | AB38: sd|32.73481,-117.25241
A39: SD-B2-038 | B39: San Diego area | C39: Nimitz Boulevard | D39: Chatsworth Boulevard | E39: Poe Street | F39: 1518707819 | H39: inferred | I39: no | J39: https://www.google.com/maps/@?api=1&map_action=pano&viewpoint=32.736975,-117.230535&heading=163 | K39: https://www.google.com/maps/search/?api=1&query=32.736975,-117.230535 | P39: pending | V39: =IF(OR(L39="",S39=""),"",IF(VALUE(L39)=VALUE(S39),"Y","N")) | W39: =IF(V39="Y",S39,"") | X39: RED ISLAND: 87 m of Nimitz Boulevard at no limit between 35 mph on both sides (gap); is the posted limit really higher here? | Z39: 87 | AA39: sd | AB39: sd|32.73698,-117.23054
A40: SD-B2-039 | B40: San Diego area | C40: Nimitz Boulevard | D40: Atascadero Drive | E40: Bernice Drive | H40: inferred | I40: no | J40: https://www.google.com/maps/@?api=1&map_action=pano&viewpoint=32.738925,-117.231335&heading=159 | K40: https://www.google.com/maps/search/?api=1&query=32.738925,-117.231335 | P40: pending | V40: =IF(OR(L40="",S40=""),"",IF(VALUE(L40)=VALUE(S40),"Y","N")) | W40: =IF(V40="Y",S40,"") | X40: RED ISLAND: 87 m of Nimitz Boulevard at no limit between 25/35 mph on both sides (gap); is the posted limit really higher here? | Z40: 87 | AA40: sd | AB40: sd|32.73892,-117.23134
A41: SD-B2-040 | B41: San Diego area | C41: Scott Street | D41: Avenida de Portugal | E41: Fishermans Landing | F41: 1123847067 | H41: inferred | I41: no | J41: https://www.google.com/maps/@?api=1&map_action=pano&viewpoint=32.724075,-117.228150&heading=216 | K41: https://www.google.com/maps/search/?api=1&query=32.724075,-117.228150 | P41: pending | V41: =IF(OR(L41="",S41=""),"",IF(VALUE(L41)=VALUE(S41),"Y","N")) | W41: =IF(V41="Y",S41,"") | X41: RED ISLAND: 654 m of Scott Street at no limit between 25 mph on both sides (gap); is the posted limit really higher here? | Z41: 654 | AA41: sd | AB41: sd|32.72407,-117.22815
A42: SD-B2-041 | B42: San Diego area | C42: North Mission Bay Drive | D42: (see map link) | E42: Mission Bay Drive | F42: 234376240 | H42: inferred | I42: no | J42: https://www.google.com/maps/@?api=1&map_action=pano&viewpoint=32.797915,-117.211435&heading=115 | K42: https://www.google.com/maps/search/?api=1&query=32.797915,-117.211435 | P42: pending | V42: =IF(OR(L42="",S42=""),"",IF(VALUE(L42)=VALUE(S42),"Y","N")) | W42: =IF(V42="Y",S42,"") | X42: RED ISLAND: 20 m of North Mission Bay Drive at no limit between 25 mph on both sides (gap); is the posted limit really higher here? | Z42: 20 | AA42: sd | AB42: sd|32.79792,-117.21143
A43: SD-B2-042 | B43: San Diego area | C43: John Jay Hopkins Drive | D43: (see map link) | E43: Cray Court | F43: 5987761 | G43: 40 | H43: tag | I43: no | J43: https://www.google.com/maps/@?api=1&map_action=pano&viewpoint=32.897230,-117.239590&heading=354 | K43: https://www.google.com/maps/search/?api=1&query=32.897230,-117.239590 | P43: pending | V43: =IF(OR(L43="",S43=""),"",IF(VALUE(L43)=VALUE(S43),"Y","N")) | W43: =IF(V43="Y",S43,"") | X43: RED ISLAND: 659 m of John Jay Hopkins Drive at 40 mph between 25 mph on both sides (single); is the posted limit really higher here? | Z43: 659 | AA43: sd | AB43: sd|32.89723,-117.23959
A44: SD-B2-043 | B44: San Diego area | C44: Nobel Drive | D44: Lebon Drive | E44: Caminito Plaza Centro | F44: 1522801236 | G44: 40 | H44: tag | I44: no | J44: https://www.google.com/maps/@?api=1&map_action=pano&viewpoint=32.868455,-117.227685&heading=266 | K44: https://www.google.com/maps/search/?api=1&query=32.868455,-117.227685 | P44: pending | V44: =IF(OR(L44="",S44=""),"",IF(VALUE(L44)=VALUE(S44),"Y","N")) | W44: =IF(V44="Y",S44,"") | X44: RED ISLAND: 306 m of Nobel Drive at 40 mph between 35 mph on both sides (single); is the posted limit really higher here? | Z44: 306 | AA44: sd | AB44: sd|32.86845,-117.22769
A45: SD-B2-044 | B45: San Diego area | C45: Regents Road | D45: Plaza de Palmas | E45: Nobel Drive | F45: 5971554 | H45: inferred | I45: no | J45: https://www.google.com/maps/@?api=1&map_action=pano&viewpoint=32.870100,-117.218250&heading=2 | K45: https://www.google.com/maps/search/?api=1&query=32.870100,-117.218250 | P45: pending | V45: =IF(OR(L45="",S45=""),"",IF(VALUE(L45)=VALUE(S45),"Y","N")) | W45: =IF(V45="Y",S45,"") | X45: RED ISLAND: 472 m of Regents Road at no limit between 25/35 mph on both sides (gap); is the posted limit really higher here? | Z45: 472 | AA45: sd | AB45: sd|32.87010,-117.21825
A46: SD-B2-045 | B46: San Diego area | C46: Nobel Drive | D46: Regents Road | E46: Cargill Avenue | F46: 234063215 | G46: 40 | H46: tag | I46: no | J46: https://www.google.com/maps/@?api=1&map_action=pano&viewpoint=32.866360,-117.215640&heading=95 | K46: https://www.google.com/maps/search/?api=1&query=32.866360,-117.215640 | P46: pending | V46: =IF(OR(L46="",S46=""),"",IF(VALUE(L46)=VALUE(S46),"Y","N")) | W46: =IF(V46="Y",S46,"") | X46: RED ISLAND: 536 m of Nobel Drive at 40 mph between 35 mph on both sides (single); is the posted limit really higher here? | Z46: 536 | AA46: sd | AB46: sd|32.86636,-117.21564
A47: SD-B2-046 | B47: San Diego area | C47: Clairemont Drive | D47: Clairemont Mesa Boulevard | E47: Indian Way | F47: 436408841 | H47: inferred | I47: no | J47: https://www.google.com/maps/@?api=1&map_action=pano&viewpoint=32.823010,-117.205650&heading=338 | K47: https://www.google.com/maps/search/?api=1&query=32.823010,-117.205650 | P47: pending | V47: =IF(OR(L47="",S47=""),"",IF(VALUE(L47)=VALUE(S47),"Y","N")) | W47: =IF(V47="Y",S47,"") | X47: RED ISLAND: 790 m of Clairemont Drive at no limit between 35 mph on both sides (gap); is the posted limit really higher here? | Z47: 790 | AA47: sd | AB47: sd|32.82301,-117.20565
A48: SD-B2-047 | B48: San Diego area | C48: John Jay Hopkins Drive | D48: (see map link) | E48: John Hopkins Court | F48: 6015003 | G48: 40 | H48: tag | I48: no | J48: https://www.google.com/maps/@?api=1&map_action=pano&viewpoint=32.892445,-117.239130&heading=355 | K48: https://www.google.com/maps/search/?api=1&query=32.892445,-117.239130 | P48: pending | V48: =IF(OR(L48="",S48=""),"",IF(VALUE(L48)=VALUE(S48),"Y","N")) | W48: =IF(V48="Y",S48,"") | X48: RED ISLAND: 97 m of John Jay Hopkins Drive at 40 mph between 25 mph on both sides (single); is the posted limit really higher here? | Z48: 97 | AA48: sd | AB48: sd|32.89244,-117.23913
A49: SD-B2-048 | B49: San Diego area | C49: La Jolla Scenic Drive South | D49: Cardeno Drive | E49: Soledad Mountain Road | F49: 765602613 | H49: inferred | I49: no | J49: https://www.google.com/maps/@?api=1&map_action=pano&viewpoint=32.834580,-117.248910&heading=22 | K49: https://www.google.com/maps/search/?api=1&query=32.834580,-117.248910 | P49: pending | V49: =IF(OR(L49="",S49=""),"",IF(VALUE(L49)=VALUE(S49),"Y","N")) | W49: =IF(V49="Y",S49,"") | X49: RED ISLAND: 321 m of La Jolla Scenic Drive South at no limit between 25 mph on both sides (gap); is the posted limit really higher here? | Z49: 321 | AA49: sd | AB49: sd|32.83458,-117.24891
A50: SD-B2-049 | B50: San Diego area | C50: Roselle Street | D50: (see map link) | E50: Sorrento Valley Boulevard | F50: 894419697 | H50: inferred | I50: no | J50: https://www.google.com/maps/@?api=1&map_action=pano&viewpoint=32.901150,-117.224265&heading=141 | K50: https://www.google.com/maps/search/?api=1&query=32.901150,-117.224265 | P50: pending | V50: =IF(OR(L50="",S50=""),"",IF(VALUE(L50)=VALUE(S50),"Y","N")) | W50: =IF(V50="Y",S50,"") | X50: RED ISLAND: 275 m of Roselle Street at no limit between 25 mph on both sides (gap); is the posted limit really higher here? | Z50: 275 | AA50: sd | AB50: sd|32.90115,-117.22427
A51: SD-B2-050 | B51: San Diego area | C51: Carmel Creek Road | D51: (see map link) | E51: Valley Centre Drive | F51: 43440732 | H51: inferred | I51: no | J51: https://www.google.com/maps/@?api=1&map_action=pano&viewpoint=32.937295,-117.229225&heading=154 | K51: https://www.google.com/maps/search/?api=1&query=32.937295,-117.229225 | P51: pending | V51: =IF(OR(L51="",S51=""),"",IF(VALUE(L51)=VALUE(S51),"Y","N")) | W51: =IF(V51="Y",S51,"") | X51: RED ISLAND: 193 m of Carmel Creek Road at no limit between 25/35 mph on both sides (gap); is the posted limit really higher here? | Z51: 193 | AA51: sd | AB51: sd|32.93729,-117.22922
A52: SD-B2-051 | B52: San Diego area | C52: Carmel Creek Road | D52: Valley Centre Drive | E52: Valley Centre Drive | F52: 360654279 | H52: inferred | I52: no | J52: https://www.google.com/maps/@?api=1&map_action=pano&viewpoint=32.937360,-117.229040&heading=333 | K52: https://www.google.com/maps/search/?api=1&query=32.937360,-117.229040 | P52: pending | V52: =IF(OR(L52="",S52=""),"",IF(VALUE(L52)=VALUE(S52),"Y","N")) | W52: =IF(V52="Y",S52,"") | X52: RED ISLAND: 195 m of Carmel Creek Road at no limit between 25/35 mph on both sides (gap); is the posted limit really higher here? | Z52: 195 | AA52: sd | AB52: sd|32.93736,-117.22904
A53: SD-B2-052 | B53: San Diego area | C53: Paseo Delicias | D53: La Granada | E53: El Tordo | F53: 134545427 | H53: inferred | I53: no | J53: https://www.google.com/maps/@?api=1&map_action=pano&viewpoint=33.020615,-117.202370&heading=47 | K53: https://www.google.com/maps/search/?api=1&query=33.020615,-117.202370 | P53: pending | V53: =IF(OR(L53="",S53=""),"",IF(VALUE(L53)=VALUE(S53),"Y","N")) | W53: =IF(V53="Y",S53,"") | X53: RED ISLAND: 334 m of Paseo Delicias at no limit between 25 mph on both sides (gap); is the posted limit really higher here? | Z53: 334 | AA53: sd | AB53: sd|33.02061,-117.20237
A54: SD-B2-053 | B54: San Diego area | C54: Town Center Place | D54: (see map link) | E54: Leucadia Boulevard | F54: 32678424 | G54: 40 | H54: tag | I54: no | J54: https://www.google.com/maps/@?api=1&map_action=pano&viewpoint=33.069330,-117.264440&heading=178 | K54: https://www.google.com/maps/search/?api=1&query=33.069330,-117.264440 | P54: pending | V54: =IF(OR(L54="",S54=""),"",IF(VALUE(L54)=VALUE(S54),"Y","N")) | W54: =IF(V54="Y",S54,"") | X54: RED ISLAND: 612 m of Town Center Place at 40 mph between 25 mph on both sides (single); is the posted limit really higher here? | Z54: 612 | AA54: sd | AB54: sd|33.06933,-117.26444
A55: SD-B2-054 | B55: San Diego area | C55: Roosevelt Street | D55: Carlsbad Village Drive | E55: Oak Avenue | F55: 1370287447 | H55: inferred | I55: no | J55: https://www.google.com/maps/@?api=1&map_action=pano&viewpoint=33.160830,-117.348290&heading=151 | K55: https://www.google.com/maps/search/?api=1&query=33.160830,-117.348290 | P55: pending | V55: =IF(OR(L55="",S55=""),"",IF(VALUE(L55)=VALUE(S55),"Y","N")) | W55: =IF(V55="Y",S55,"") | X55: RED ISLAND: 294 m of Roosevelt Street at no limit between 25 mph on both sides (gap); is the posted limit really higher here? | Z55: 294 | AA55: sd | AB55: sd|33.16083,-117.34829
A56: SD-B2-055 | B56: San Diego area | C56: Grandview Street | D56: Hunsaker Street | E56: Crouch Street | F56: 5959211 | H56: inferred | I56: no | J56: https://www.google.com/maps/@?api=1&map_action=pano&viewpoint=33.189630,-117.353460&heading=72 | K56: https://www.google.com/maps/search/?api=1&query=33.189630,-117.353460 | P56: pending | V56: =IF(OR(L56="",S56=""),"",IF(VALUE(L56)=VALUE(S56),"Y","N")) | W56: =IF(V56="Y",S56,"") | X56: RED ISLAND: 440 m of Grandview Street at no limit between 25 mph on both sides (gap); is the posted limit really higher here? | Z56: 440 | AA56: sd | AB56: sd|33.18963,-117.35346
A57: SD-B2-056 | B57: San Diego area | C57: Cassidy Street | D57: (see map link) | E57: Hunsaker Street | F57: 600951301 | H57: inferred | I57: no | J57: https://www.google.com/maps/@?api=1&map_action=pano&viewpoint=33.181130,-117.352285&heading=55 | K57: https://www.google.com/maps/search/?api=1&query=33.181130,-117.352285 | P57: pending | V57: =IF(OR(L57="",S57=""),"",IF(VALUE(L57)=VALUE(S57),"Y","N")) | W57: =IF(V57="Y",S57,"") | X57: RED ISLAND: 550 m of Cassidy Street at no limit between 25 mph on both sides (gap); is the posted limit really higher here? | Z57: 550 | AA57: sd | AB57: sd|33.18113,-117.35228
A58: SD-B2-057 | B58: San Diego area | C58: Avocado Road | D58: Ivy Road | E58: Vista Way | F58: 32685083 | H58: inferred | I58: no | J58: https://www.google.com/maps/@?api=1&map_action=pano&viewpoint=33.183695,-117.341360&heading=145 | K58: https://www.google.com/maps/search/?api=1&query=33.183695,-117.341360 | P58: pending | V58: =IF(OR(L58="",S58=""),"",IF(VALUE(L58)=VALUE(S58),"Y","N")) | W58: =IF(V58="Y",S58,"") | X58: RED ISLAND: 121 m of Avocado Road at no limit between 25 mph on both sides (gap); is the posted limit really higher here? | Z58: 121 | AA58: sd | AB58: sd|33.18370,-117.34136
A59: SD-B2-058 | B59: San Diego area | C59: Seagaze Drive | D59: Pacific Coast Highway | E59: North Freeman Street | F59: 499190658 | H59: inferred | I59: no | J59: https://www.google.com/maps/@?api=1&map_action=pano&viewpoint=33.194700,-117.379415&heading=235 | K59: https://www.google.com/maps/search/?api=1&query=33.194700,-117.379415 | P59: pending | V59: =IF(OR(L59="",S59=""),"",IF(VALUE(L59)=VALUE(S59),"Y","N")) | W59: =IF(V59="Y",S59,"") | X59: RED ISLAND: 545 m of Seagaze Drive at no limit between 25 mph on both sides (gap); is the posted limit really higher here? | Z59: 545 | AA59: sd | AB59: sd|33.19470,-117.37941
A60: SD-B2-059 | B60: San Diego area | C60: South Pacific Street | D60: Morse Street | E60: Cassidy Street | F60: 367573677 | H60: inferred | I60: no | J60: https://www.google.com/maps/@?api=1&map_action=pano&viewpoint=33.174870,-117.366795&heading=145 | K60: https://www.google.com/maps/search/?api=1&query=33.174870,-117.366795 | P60: pending | V60: =IF(OR(L60="",S60=""),"",IF(VALUE(L60)=VALUE(S60),"Y","N")) | W60: =IF(V60="Y",S60,"") | X60: RED ISLAND: 536 m of South Pacific Street at no limit between 25 mph on both sides (gap); is the posted limit really higher here? | Z60: 536 | AA60: sd | AB60: sd|33.17487,-117.36679
A61: SD-B2-060 | B61: San Diego area | C61: Surfrider Way | D61: North Pacific Street | E61: North Cleveland Street | F61: 6054637 | H61: inferred | I61: no | J61: https://www.google.com/maps/@?api=1&map_action=pano&viewpoint=33.198250,-117.384180&heading=56 | K61: https://www.google.com/maps/search/?api=1&query=33.198250,-117.384180 | P61: pending | V61: =IF(OR(L61="",S61=""),"",IF(VALUE(L61)=VALUE(S61),"Y","N")) | W61: =IF(V61="Y",S61,"") | X61: RED ISLAND: 647 m of Surfrider Way at no limit between 25 mph on both sides (gap); is the posted limit really higher here? | Z61: 647 | AA61: sd | AB61: sd|33.19825,-117.38418
A62: SD-B2-061 | B62: San Diego area | C62: Cassidy Street | D62: South Pacific Street | E62: South Myers Street | F62: 30076691 | H62: inferred | I62: no | J62: https://www.google.com/maps/@?api=1&map_action=pano&viewpoint=33.173525,-117.365085&heading=55 | K62: https://www.google.com/maps/search/?api=1&query=33.173525,-117.365085 | P62: pending | V62: =IF(OR(L62="",S62=""),"",IF(VALUE(L62)=VALUE(S62),"Y","N")) | W62: =IF(V62="Y",S62,"") | X62: RED ISLAND: 162 m of Cassidy Street at no limit between 25 mph on both sides (gap); is the posted limit really higher here? | Z62: 162 | AA62: sd | AB62: sd|33.17352,-117.36508
A63: SD-B2-062 | B63: San Diego area | C63: Cassidy Street | D63: Broadway Street | E63: Pacific Coast Highway | F63: 6022565 | H63: inferred | I63: no | J63: https://www.google.com/maps/@?api=1&map_action=pano&viewpoint=33.174345,-117.363695&heading=54 | K63: https://www.google.com/maps/search/?api=1&query=33.174345,-117.363695 | P63: pending | V63: =IF(OR(L63="",S63=""),"",IF(VALUE(L63)=VALUE(S63),"Y","N")) | W63: =IF(V63="Y",S63,"") | X63: RED ISLAND: 285 m of Cassidy Street at no limit between 25 mph on both sides (gap); is the posted limit really higher here? | Z63: 285 | AA63: sd | AB63: sd|33.17435,-117.36370
A64: SD-B2-063 | B64: San Diego area | C64: Park Boulevard | D64: Morley Field Drive | E64: Morley Field Drive | F64: 1220547496 | H64: inferred | I64: no | J64: https://www.google.com/maps/@?api=1&map_action=pano&viewpoint=32.740555,-117.147390&heading=353 | K64: https://www.google.com/maps/search/?api=1&query=32.740555,-117.147390 | P64: pending | V64: =IF(OR(L64="",S64=""),"",IF(VALUE(L64)=VALUE(S64),"Y","N")) | W64: =IF(V64="Y",S64,"") | X64: RED ISLAND: 178 m of Park Boulevard at 40 mph between 25/35 mph on both sides (confirmed); is the posted limit really higher here? | Z64: 178 | AA64: sd | AB64: sd|32.74056,-117.14739
A65: SD-B2-064 | B65: San Diego area | C65: Hotel Circle South | D65: (see map link) | E65: (see map link) | F65: 233700529 | G65: 65 | H65: mapillary | I65: no | J65: https://www.google.com/maps/@?api=1&map_action=pano&viewpoint=32.759090,-117.180765&heading=92 | K65: https://www.google.com/maps/search/?api=1&query=32.759090,-117.180765 | P65: pending | T65: Mapillary: 3 posted 65 mph sign(s) detected | U65: https://www.mapillary.com/app/?lat=32.759180&lng=-117.182076&z=19&focus=map&mapFeatureId=812216806371785 | V65: =IF(OR(L65="",S65=""),"",IF(VALUE(L65)=VALUE(S65),"Y","N")) | W65: =IF(V65="Y",S65,"") | X65: RED ISLAND: 424 m of Hotel Circle South at 65 mph between 35 mph on both sides (confirmed); is the posted limit really higher here? | Z65: 424 | AA65: sd | AB65: sd|32.75909,-117.18076
A66: SD-B2-065 | B66: San Diego area | C66: Florida Drive | D66: (see map link) | E66: Zoo Place | F66: 1334252229 | G66: 50 | H66: mapillary | I66: no | J66: https://www.google.com/maps/@?api=1&map_action=pano&viewpoint=32.727310,-117.142800&heading=357 | K66: https://www.google.com/maps/search/?api=1&query=32.727310,-117.142800 | P66: pending | T66: Mapillary: 3 posted 50 mph sign(s) detected | U66: https://www.mapillary.com/app/?lat=32.727104&lng=-117.142770&z=19&focus=map&mapFeatureId=217010103308361 | V66: =IF(OR(L66="",S66=""),"",IF(VALUE(L66)=VALUE(S66),"Y","N")) | W66: =IF(V66="Y",S66,"") | X66: RED ISLAND: 540 m of Florida Drive at 50 mph between 25/35 mph on both sides (confirmed); is the posted limit really higher here? | Z66: 540 | AA66: sd | AB66: sd|32.72731,-117.14280
A67: SD-B2-066 | B67: San Diego area | C67: Aero Drive | D67: Convoy Street | E67: Kearny Villa Road | F67: 158308456 | G67: 40 | H67: tag | I67: no | J67: https://www.google.com/maps/@?api=1&map_action=pano&viewpoint=32.811160,-117.153300&heading=296 | K67: https://www.google.com/maps/search/?api=1&query=32.811160,-117.153300 | P67: pending | V67: =IF(OR(L67="",S67=""),"",IF(VALUE(L67)=VALUE(S67),"Y","N")) | W67: =IF(V67="Y",S67,"") | X67: RED ISLAND: 527 m of Aero Drive at 40 mph between 35 mph on both sides (confirmed); is the posted limit really higher here? | Z67: 527 | AA67: sd | AB67: sd|32.81116,-117.15330
A68: SD-B2-067 | B68: San Diego area | C68: Dana Landing Road | D68: Quivira Access | E68: (see map link) | F68: 289502113 | G68: 45 | H68: mapillary | I68: no | J68: https://www.google.com/maps/@?api=1&map_action=pano&viewpoint=32.764990,-117.233590&heading=51 | K68: https://www.google.com/maps/search/?api=1&query=32.764990,-117.233590 | P68: pending | T68: Mapillary: 2 posted 45 mph sign(s) detected | U68: https://www.mapillary.com/app/?lat=32.765040&lng=-117.235810&z=19&focus=map&mapFeatureId=963809467721223 | V68: =IF(OR(L68="",S68=""),"",IF(VALUE(L68)=VALUE(S68),"Y","N")) | W68: =IF(V68="Y",S68,"") | X68: RED ISLAND: 736 m of Dana Landing Road at 45 mph between 25 mph on both sides (confirmed); is the posted limit really higher here? | Z68: 736 | AA68: sd | AB68: sd|32.76499,-117.23359
A69: SD-B2-068 | B69: San Diego area | C69: Campus Point Drive | D69: (see map link) | E69: Genesee Avenue | F69: 5983786 | G69: 40 | H69: tag | I69: no | J69: https://www.google.com/maps/@?api=1&map_action=pano&viewpoint=32.885915,-117.221300&heading=155 | K69: https://www.google.com/maps/search/?api=1&query=32.885915,-117.221300 | P69: pending | V69: =IF(OR(L69="",S69=""),"",IF(VALUE(L69)=VALUE(S69),"Y","N")) | W69: =IF(V69="Y",S69,"") | X69: RED ISLAND: 712 m of Campus Point Drive at 40 mph between 25 mph on both sides (confirmed); is the posted limit really higher here? | Z69: 712 | AA69: sd | AB69: sd|32.88591,-117.22130
A70: SD-B2-069 | B70: San Diego area | C70: Nobel Drive | D70: University Center Lane | E70: Lebon Drive | F70: 224703433 | G70: 40 | H70: tag | I70: no | J70: https://www.google.com/maps/@?api=1&map_action=pano&viewpoint=32.868410,-117.222600&heading=89 | K70: https://www.google.com/maps/search/?api=1&query=32.868410,-117.222600 | P70: pending | V70: =IF(OR(L70="",S70=""),"",IF(VALUE(L70)=VALUE(S70),"Y","N")) | W70: =IF(V70="Y",S70,"") | X70: RED ISLAND: 706 m of Nobel Drive at 40 mph between 35 mph on both sides (confirmed); is the posted limit really higher here? | Z70: 706 | AA70: sd | AB70: sd|32.86841,-117.22260
A71: SD-B2-070 | B71: San Diego area | C71: Nobel Drive | D71: (see map link) | E71: Villa La Jolla Drive | F71: 227971874 | G71: 40 | H71: tag | I71: no | J71: https://www.google.com/maps/@?api=1&map_action=pano&viewpoint=32.867980,-117.230710&heading=79 | K71: https://www.google.com/maps/search/?api=1&query=32.867980,-117.230710 | P71: pending | V71: =IF(OR(L71="",S71=""),"",IF(VALUE(L71)=VALUE(S71),"Y","N")) | W71: =IF(V71="Y",S71,"") | X71: RED ISLAND: 392 m of Nobel Drive at 40 mph between 35 mph on both sides (confirmed); is the posted limit really higher here? | Z71: 392 | AA71: sd | AB71: sd|32.86798,-117.23071
A72: SD-B2-071 | B72: San Diego area | C72: Nobel Drive | D72: Regents Road | E72: Danica Mae Drive | F72: 224703490 | G72: 40 | H72: mapillary | I72: no | J72: https://www.google.com/maps/@?api=1&map_action=pano&viewpoint=32.867930,-117.219855&heading=293 | K72: https://www.google.com/maps/search/?api=1&query=32.867930,-117.219855 | P72: pending | T72: Mapillary: 2 posted 40 mph sign(s) detected | U72: https://www.mapillary.com/app/?lat=32.868010&lng=-117.220215&z=19&focus=map&mapFeatureId=305056241089744 | V72: =IF(OR(L72="",S72=""),"",IF(VALUE(L72)=VALUE(S72),"Y","N")) | W72: =IF(V72="Y",S72,"") | X72: RED ISLAND: 279 m of Nobel Drive at 40 mph between 35 mph on both sides (confirmed); is the posted limit really higher here? | Z72: 279 | AA72: sd | AB72: sd|32.86793,-117.21985
A73: SD-B2-072 | B73: San Diego area | C73: Villa La Jolla Drive | D73: Nobel Drive | E73: (see map link) | F73: 39423585 | G73: 40 | H73: mapillary | I73: no | J73: https://www.google.com/maps/@?api=1&map_action=pano&viewpoint=32.867340,-117.233400&heading=173 | K73: https://www.google.com/maps/search/?api=1&query=32.867340,-117.233400 | P73: pending | T73: Mapillary: 2 posted 40 mph sign(s) detected | U73: https://www.mapillary.com/app/?lat=32.867280&lng=-117.233430&z=19&focus=map&mapFeatureId=537132808915957 | V73: =IF(OR(L73="",S73=""),"",IF(VALUE(L73)=VALUE(S73),"Y","N")) | W73: =IF(V73="Y",S73,"") | X73: RED ISLAND: 45 m of Villa La Jolla Drive at 40 mph between 30 mph on both sides (confirmed); is the posted limit really higher here? | Z73: 45 | AA73: sd | AB73: sd|32.86734,-117.23340
A74: SD-B2-073 | B74: San Diego area | C74: Scholars Drive South | D74: (see map link) | E74: Scholars Lane | F74: 783441133 | G74: 45 | H74: mapillary | I74: no | J74: https://www.google.com/maps/@?api=1&map_action=pano&viewpoint=32.877210,-117.243610&heading=353 | K74: https://www.google.com/maps/search/?api=1&query=32.877210,-117.243610 | P74: pending | T74: Mapillary: 2 posted 45 mph sign(s) detected | U74: https://www.mapillary.com/app/?lat=32.876300&lng=-117.243484&z=19&focus=map&mapFeatureId=498930381461751 | V74: =IF(OR(L74="",S74=""),"",IF(VALUE(L74)=VALUE(S74),"Y","N")) | W74: =IF(V74="Y",S74,"") | X74: RED ISLAND: 244 m of Scholars Drive South at 45 mph between 15/25 mph on both sides (confirmed); is the posted limit really higher here? | Z74: 244 | AA74: sd | AB74: sd|32.87721,-117.24361
A75: SD-B2-074 | B75: San Diego area | C75: John Jay Hopkins Drive | D75: Genesee Avenue | E75: (see map link) | F75: 1107522063 | G75: 40 | H75: mapillary | I75: no | J75: https://www.google.com/maps/@?api=1&map_action=pano&viewpoint=32.891565,-117.239045&heading=356 | K75: https://www.google.com/maps/search/?api=1&query=32.891565,-117.239045 | P75: pending | T75: Mapillary: 1 posted 40 mph sign(s) detected | U75: https://www.mapillary.com/app/?lat=32.891430&lng=-117.239020&z=19&focus=map&mapFeatureId=1168618523581701 | V75: =IF(OR(L75="",S75=""),"",IF(VALUE(L75)=VALUE(S75),"Y","N")) | W75: =IF(V75="Y",S75,"") | X75: RED ISLAND: 77 m of John Jay Hopkins Drive at 40 mph between 25 mph on both sides (confirmed); is the posted limit really higher here? | Z75: 77 | AA75: sd | AB75: sd|32.89156,-117.23905
A76: SD-B2-075 | B76: San Diego area | C76: Del Mar Heights Road | D76: Nob Avenue | E76: Nogales Drive | F76: 436308935 | G76: 40 | H76: tag | I76: no | J76: https://www.google.com/maps/@?api=1&map_action=pano&viewpoint=32.948695,-117.258850&heading=74 | K76: https://www.google.com/maps/search/?api=1&query=32.948695,-117.258850 | P76: pending | V76: =IF(OR(L76="",S76=""),"",IF(VALUE(L76)=VALUE(S76),"Y","N")) | W76: =IF(V76="Y",S76,"") | X76: RED ISLAND: 517 m of Del Mar Heights Road at 40 mph between 35 mph on both sides (confirmed); is the posted limit really higher here? | Z76: 517 | AA76: sd | AB76: sd|32.94870,-117.25885
A77: SD-B2-076 | B77: San Diego area | C77: San Andres Drive | D77: Via Campestre | E77: (see map link) | F77: 1090303792 | G77: 40 | H77: mapillary | I77: no | J77: https://www.google.com/maps/@?api=1&map_action=pano&viewpoint=32.986510,-117.245750&heading=359 | K77: https://www.google.com/maps/search/?api=1&query=32.986510,-117.245750 | P77: pending | T77: Mapillary: 2 posted 40 mph sign(s) detected | U77: https://www.mapillary.com/app/?lat=32.986774&lng=-117.245680&z=19&focus=map&mapFeatureId=217051873818678 | V77: =IF(OR(L77="",S77=""),"",IF(VALUE(L77)=VALUE(S77),"Y","N")) | W77: =IF(V77="Y",S77,"") | X77: RED ISLAND: 270 m of San Andres Drive at 40 mph between 25 mph on both sides (confirmed); is the posted limit really higher here? | Z77: 270 | AA77: sd | AB77: sd|32.98651,-117.24575
A78: SD-B2-077 | B78: San Diego area | C78: West Broadway | D78: 1st Avenue | E78: Front Street | F78: 277182509 | H78: inferred | I78: no | J78: https://www.google.com/maps/@?api=1&map_action=pano&viewpoint=32.715640,-117.170180&heading=90 | K78: https://www.google.com/maps/search/?api=1&query=32.715640,-117.170180 | P78: pending | V78: =IF(OR(L78="",S78=""),"",IF(VALUE(L78)=VALUE(S78),"Y","N")) | W78: =IF(V78="Y",S78,"") | X78: unverified: map has no limit (guessed from road type); main road: what is posted? 35 or lower opens it to LSVs | Z78: 1724 | AA78: sd | AB78: sd|32.71564,-117.17018
A79: SD-B2-078 | B79: San Diego area | C79: Pacific Highway | D79: (see map link) | E79: Sassafras Street | F79: 436573733 | H79: inferred | I79: no | J79: https://www.google.com/maps/@?api=1&map_action=pano&viewpoint=32.738150,-117.179380&heading=330 | K79: https://www.google.com/maps/search/?api=1&query=32.738150,-117.179380 | P79: pending | V79: =IF(OR(L79="",S79=""),"",IF(VALUE(L79)=VALUE(S79),"Y","N")) | W79: =IF(V79="Y",S79,"") | X79: unverified: map has no limit (guessed from road type); main road: what is posted? 35 or lower opens it to LSVs | Z79: 2502 | AA79: sd | AB79: sd|32.73815,-117.17938
A80: SD-B2-079 | B80: San Diego area | C80: Pacific Highway | D80: Kurtz Street | E80: Smith Street | F80: 186470503 | H80: inferred | I80: no | J80: https://www.google.com/maps/@?api=1&map_action=pano&viewpoint=32.750120,-117.199840&heading=339 | K80: https://www.google.com/maps/search/?api=1&query=32.750120,-117.199840 | P80: pending | V80: =IF(OR(L80="",S80=""),"",IF(VALUE(L80)=VALUE(S80),"Y","N")) | W80: =IF(V80="Y",S80,"") | X80: unverified: map has no limit (guessed from road type); main road: what is posted? 35 or lower opens it to LSVs | Z80: 1591 | AA80: sd | AB80: sd|32.75012,-117.19984
A81: SD-B2-080 | B81: San Diego area | C81: Carmel Valley Road | D81: Lopelia Meadows Place | E81: Torrey del Mar Drive | F81: 436270925 | H81: inferred | I81: no | J81: https://www.google.com/maps/@?api=1&map_action=pano&viewpoint=32.969800,-117.175280&heading=252 | K81: https://www.google.com/maps/search/?api=1&query=32.969800,-117.175280 | P81: pending | V81: =IF(OR(L81="",S81=""),"",IF(VALUE(L81)=VALUE(S81),"Y","N")) | W81: =IF(V81="Y",S81,"") | X81: unverified: map has no limit (guessed from road type); main road: what is posted? 35 or lower opens it to LSVs | Z81: 2416 | AA81: sd | AB81: sd|32.96980,-117.17528
A82: SD-B2-081 | B82: San Diego area | C82: Nimitz Boulevard | D82: West Point Loma Boulevard | E82: Centraloma Drive | F82: 159947685 | H82: inferred | I82: no | J82: https://www.google.com/maps/@?api=1&map_action=pano&viewpoint=32.742680,-117.232540&heading=341 | K82: https://www.google.com/maps/search/?api=1&query=32.742680,-117.232540 | P82: pending | V82: =IF(OR(L82="",S82=""),"",IF(VALUE(L82)=VALUE(S82),"Y","N")) | W82: =IF(V82="Y",S82,"") | X82: unverified: map has no limit (guessed from road type); main road: what is posted? 35 or lower opens it to LSVs | Z82: 1991 | AA82: sd | AB82: sd|32.74268,-117.23254
A83: SD-B2-082 | B83: San Diego area | C83: Midway Drive | D83: (see map link) | E83: Rosecrans Street | F83: 788712080 | H83: inferred | I83: no | J83: https://www.google.com/maps/@?api=1&map_action=pano&viewpoint=32.752620,-117.216055&heading=127 | K83: https://www.google.com/maps/search/?api=1&query=32.752620,-117.216055 | P83: pending | V83: =IF(OR(L83="",S83=""),"",IF(VALUE(L83)=VALUE(S83),"Y","N")) | W83: =IF(V83="Y",S83,"") | X83: unverified: map has no limit (guessed from road type); main road: what is posted? 35 or lower opens it to LSVs | Z83: 1729 | AA83: sd | AB83: sd|32.75262,-117.21606
A84: SD-B2-083 | B84: San Diego area | C84: Piraeus Street | D84: Leucadia Boulevard | E84: La Costa Avenue | F84: 178116769 | H84: inferred | I84: no | J84: https://www.google.com/maps/@?api=1&map_action=pano&viewpoint=33.079780,-117.296145&heading=346 | K84: https://www.google.com/maps/search/?api=1&query=33.079780,-117.296145 | P84: pending | V84: =IF(OR(L84="",S84=""),"",IF(VALUE(L84)=VALUE(S84),"Y","N")) | W84: =IF(V84="Y",S84,"") | X84: unverified: map has no limit (guessed from road type); main road: what is posted? 35 or lower opens it to LSVs | Z84: 2264 | AA84: sd | AB84: sd|33.07978,-117.29614
A85: SD-B2-084 | B85: San Diego area | C85: El Camino Real | D85: Palomar Airport Road | E85: College Boulevard | F85: 714471079 | H85: inferred | I85: no | J85: https://www.google.com/maps/@?api=1&map_action=pano&viewpoint=33.133725,-117.270695&heading=141 | K85: https://www.google.com/maps/search/?api=1&query=33.133725,-117.270695 | P85: pending | V85: =IF(OR(L85="",S85=""),"",IF(VALUE(L85)=VALUE(S85),"Y","N")) | W85: =IF(V85="Y",S85,"") | X85: unverified: map has no limit (guessed from road type); main road: what is posted? 35 or lower opens it to LSVs | Z85: 2414 | AA85: sd | AB85: sd|33.13372,-117.27070
A86: SD-B2-085 | B86: San Diego area | C86: El Camino Real | D86: Poinsettia Lane | E86: Cassia Road | F86: 167030258 | H86: inferred | I86: no | J86: https://www.google.com/maps/@?api=1&map_action=pano&viewpoint=33.107980,-117.268740&heading=147 | K86: https://www.google.com/maps/search/?api=1&query=33.107980,-117.268740 | P86: pending | V86: =IF(OR(L86="",S86=""),"",IF(VALUE(L86)=VALUE(S86),"Y","N")) | W86: =IF(V86="Y",S86,"") | X86: unverified: map has no limit (guessed from road type); main road: what is posted? 35 or lower opens it to LSVs | Z86: 1506 | AA86: sd | AB86: sd|33.10798,-117.26874
A87: SD-B2-086 | B87: San Diego area | C87: Melrose Drive | D87: Palomar Airport Road | E87: Aspen Way | F87: 456129976 | H87: inferred | I87: no | J87: https://www.google.com/maps/@?api=1&map_action=pano&viewpoint=33.109460,-117.228710&heading=154 | K87: https://www.google.com/maps/search/?api=1&query=33.109460,-117.228710 | P87: pending | V87: =IF(OR(L87="",S87=""),"",IF(VALUE(L87)=VALUE(S87),"Y","N")) | W87: =IF(V87="Y",S87,"") | X87: unverified: map has no limit (guessed from road type); main road: what is posted? 35 or lower opens it to LSVs | Z87: 4054 | AA87: sd | AB87: sd|33.10946,-117.22871
A88: SD-B2-087 | B88: San Diego area | C88: South Melrose Drive | D88: Dawson Drive | E88: Aspen Way | F88: 113519549 | H88: inferred | I88: no | J88: https://www.google.com/maps/@?api=1&map_action=pano&viewpoint=33.151520,-117.242290&heading=186 | K88: https://www.google.com/maps/search/?api=1&query=33.151520,-117.242290 | P88: pending | V88: =IF(OR(L88="",S88=""),"",IF(VALUE(L88)=VALUE(S88),"Y","N")) | W88: =IF(V88="Y",S88,"") | X88: unverified: map has no limit (guessed from road type); main road: what is posted? 35 or lower opens it to LSVs | Z88: 2130 | AA88: sd | AB88: sd|33.15152,-117.24229
A89: SD-B2-088 | B89: San Diego area | C89: South Melrose Drive | D89: Sycamore Avenue | E89: Aspen Way | F89: 436308861 | H89: inferred | I89: no | J89: https://www.google.com/maps/@?api=1&map_action=pano&viewpoint=33.151110,-117.242160&heading=353 | K89: https://www.google.com/maps/search/?api=1&query=33.151110,-117.242160 | P89: pending | V89: =IF(OR(L89="",S89=""),"",IF(VALUE(L89)=VALUE(S89),"Y","N")) | W89: =IF(V89="Y",S89,"") | X89: unverified: map has no limit (guessed from road type); main road: what is posted? 35 or lower opens it to LSVs | Z89: 2039 | AA89: sd | AB89: sd|33.15111,-117.24216
... A98: SD-B2-097 | B98: San Diego area | C98: Oceanside Boulevard | D98: Arroyo Avenue | E98: Peacock Boulevard | F98: 594421515 | H98: inferred | I98: no | J98: https://www.google.com/maps/@?api=1&map_action=pano&viewpoint=33.211925,-117.276470&heading=225 | K98: https://www.google.com/maps/search/?api=1&query=33.211925,-117.276470 | P98: pending | V98: =IF(OR(L98="",S98=""),"",IF(VALUE(L98)=VALUE(S98),"Y","N")) | W98: =IF(V98="Y",S98,"") | X98: unverified: map has no limit (guessed from road type); main road: what is posted? 35 or lower opens it to LSVs | Z98: 1389 | AA98: sd | AB98: sd|33.21193,-117.27647
A99: SD-B2-098 | B99: San Diego area | C99: East Broadway | D99: 4th Avenue | E99: 1st Avenue | H99: inferred | I99: no | J99: https://www.google.com/maps/@?api=1&map_action=pano&viewpoint=32.715710,-117.158810&heading=90 | K99: https://www.google.com/maps/search/?api=1&query=32.715710,-117.158810 | P99: pending | V99: =IF(OR(L99="",S99=""),"",IF(VALUE(L99)=VALUE(S99),"Y","N")) | W99: =IF(V99="Y",S99,"") | X99: unverified: map has no limit (guessed from road type); main road: what is posted? 35 or lower opens it to LSVs | Z99: 1383 | AA99: sd | AB99: sd|32.71571,-117.15881
A100: SD-B2-099 | B100: San Diego area | C100: Oceanside Boulevard | D100: Gateway Center Drive | E100: College Boulevard | F100: 436458664 | H100: inferred | I100: no | J100: https://www.google.com/maps/@?api=1&map_action=pano&viewpoint=33.211755,-117.276465&heading=46 | K100: https://www.google.com/maps/search/?api=1&query=33.211755,-117.276465 | P100: pending | V100: =IF(OR(L100="",S100=""),"",IF(VALUE(L100)=VALUE(S100),"Y","N")) | W100: =IF(V100="Y",S100,"") | X100: unverified: map has no limit (guessed from road type); main road: what is posted? 35 or lower opens it to LSVs | Z100: 1364 | AA100: sd | AB100: sd|33.21175,-117.27647
A101: SD-B2-100 | B101: San Diego area | C101: El Camino Real | D101: Jackspar Drive | E101: Jackspar Drive | F101: 367580446 | H101: inferred | I101: no | J101: https://www.google.com/maps/@?api=1&map_action=pano&viewpoint=33.148045,-117.293690&heading=113 | K101: https://www.google.com/maps/search/?api=1&query=33.148045,-117.293690 | P101: pending | V101: =IF(OR(L101="",S101=""),"",IF(VALUE(L101)=VALUE(S101),"Y","N")) | W101: =IF(V101="Y",S101,"") | X101: unverified: map has no limit (guessed from road type); main road: what is posted? 35 or lower opens it to LSVs | Z101: 1321 | AA101: sd | AB101: sd|33.14804,-117.29369
A102: SD-B2-101 | B102: San Diego area | C102: Cannon Road | D102: (see map link) | E102: College Boulevard | F102: 436274671 | H102: inferred | I102: no | J102: https://www.google.com/maps/@?api=1&map_action=pano&viewpoint=33.154020,-117.288670&heading=233 | K102: https://www.google.com/maps/search/?api=1&query=33.154020,-117.288670 | P102: pending | V102: =IF(OR(L102="",S102=""),"",IF(VALUE(L102)=VALUE(S102),"Y","N")) | W102: =IF(V102="Y",S102,"") | X102: unverified: map has no limit (guessed from road type); main road: what is posted? 35 or lower opens it to LSVs | Z102: 1308 | AA102: sd | AB102: sd|33.15402,-117.28867
A103: SD-B2-102 | B103: San Diego area | C103: Market Street | D103: (see map link) | E103: 3rd Avenue | F103: 436305542 | H103: inferred | I103: no | J103: https://www.google.com/maps/@?api=1&map_action=pano&viewpoint=32.711535,-117.151165&heading=89 | K103: https://www.google.com/maps/search/?api=1&query=32.711535,-117.151165 | P103: pending | V103: =IF(OR(L103="",S103=""),"",IF(VALUE(L103)=VALUE(S103),"Y","N")) | W103: =IF(V103="Y",S103,"") | X103: unverified: map has no limit (guessed from road type); main road: what is posted? 35 or lower opens it to LSVs | Z103: 1283 | AA103: sd | AB103: sd|32.71153,-117.15116
A104: SD-B2-103 | B104: San Diego area | C104: National City Boulevard | D104: Main Street | E104: East 8th Street | F104: 436313361 | H104: inferred | I104: no | J104: https://www.google.com/maps/@?api=1&map_action=pano&viewpoint=32.677655,-117.107680&heading=162 | K104: https://www.google.com/maps/search/?api=1&query=32.677655,-117.107680 | P104: pending | V104: =IF(OR(L104="",S104=""),"",IF(VALUE(L104)=VALUE(S104),"Y","N")) | W104: =IF(V104="Y",S104,"") | X104: unverified: map has no limit (guessed from road type); main road: what is posted? 35 or lower opens it to LSVs | Z104: 1514 | AA104: sd | AB104: sd|32.67766,-117.10768
A105: SD-B2-104 | B105: San Diego area | C105: South 32nd Street | D105: Martin Avenue | E105: 32nd Street | F105: 1231775685 | H105: inferred | I105: no | J105: https://www.google.com/maps/@?api=1&map_action=pano&viewpoint=32.691420,-117.125400&heading=182 | K105: https://www.google.com/maps/search/?api=1&query=32.691420,-117.125400 | P105: pending | V105: =IF(OR(L105="",S105=""),"",IF(VALUE(L105)=VALUE(S105),"Y","N")) | W105: =IF(V105="Y",S105,"") | X105: unverified: map has no limit (guessed from road type); main road: what is posted? 35 or lower opens it to LSVs | Z105: 1740 | AA105: sd | AB105: sd|32.69142,-117.12540
A106: SD-B2-105 | B106: San Diego area | C106: Reynard Way | D106: (see map link) | E106: Arroyo Drive | F106: 1442836952 | H106: inferred | I106: no | J106: https://www.google.com/maps/@?api=1&map_action=pano&viewpoint=32.735430,-117.169440&heading=359 | K106: https://www.google.com/maps/search/?api=1&query=32.735430,-117.169440 | P106: pending | V106: =IF(OR(L106="",S106=""),"",IF(VALUE(L106)=VALUE(S106),"Y","N")) | W106: =IF(V106="Y",S106,"") | X106: unverified: map has no limit (guessed from road type); main road: what is posted? 35 or lower opens it to LSVs | Z106: 1527 | AA106: sd | AB106: sd|32.73543,-117.16944
A107: SD-B2-106 | B107: San Diego area | C107: Pershing Drive | D107: East B Street | E107: 26th Street | F107: 32608850 | H107: inferred | I107: no | J107: https://www.google.com/maps/@?api=1&map_action=pano&viewpoint=32.719130,-117.146510&heading=22 | K107: https://www.google.com/maps/search/?api=1&query=32.719130,-117.146510 | P107: pending | V107: =IF(OR(L107="",S107=""),"",IF(VALUE(L107)=VALUE(S107),"Y","N")) | W107: =IF(V107="Y",S107,"") | X107: unverified: map has no limit (guessed from road type); main road: what is posted? 35 or lower opens it to LSVs | Z107: 1697 | AA107: sd | AB107: sd|32.71913,-117.14651
A108: SD-B2-107 | B108: San Diego area | C108: Commercial Street | D108: South 16th Street | E108: National Avenue | H108: inferred | I108: no | J108: https://www.google.com/maps/@?api=1&map_action=pano&viewpoint=32.705305,-117.130810&heading=90 | K108: https://www.google.com/maps/search/?api=1&query=32.705305,-117.130810 | P108: pending | V108: =IF(OR(L108="",S108=""),"",IF(VALUE(L108)=VALUE(S108),"Y","N")) | W108: =IF(V108="Y",S108,"") | X108: unverified: map has no limit (guessed from road type); main road: what is posted? 35 or lower opens it to LSVs | Z108: 2466 | AA108: sd | AB108: sd|32.70530,-117.13081
...

Sheet How to check
A1: Street View batch 2: 1,000 stretches, San Diego first. Rows are in priority order within each region: RED ISLAND rows first (a short piece of a road shows as not allowed while the same road is 35 mph or less on both sides; tell us the posted limit on that piece), then roads whose limit we only guessed or took from one unverified source, right at the 25 mph (golf cart) or 35 mph (LSV) line.
A2: Same as batch 1: fill only the blue columns (posted_speed_seen_mph … notes). If no speed sign is visible on the stretch, set status to "can't tell" and move on (5 minute cap per row). Row order is priority order, so stopping partway is fine.
A4: # Golf Cart Maps — Street View speed-limit checker guide
A6: Purpose: confirm the POSTED speed limit on each road in the sheet using Google Maps Street View. The answer decides whether the road is legal for golf carts (posted 25 mph or less) and LSVs (posted 35 mph or less). A wrong number can send someone onto an illegal road, so record only what you actually see on a sign. Never guess.
A8: Time budget: about 2-3 minutes per road. If a road takes more than 5 minutes, stop, set status to "can't tell", write what you saw in notes, and move on.
A10: ## Before you start
A11: 1. Use a computer (laptop/desktop) with Chrome, Firefox, Safari or Edge. A phone works but is much slower.
A12: 2. Open the Google Sheet. Go to the "Roads" tab.
A13: 3. Find the first row where status = "pending" and checker_initials is empty. Type your initials in checker_initials right away so nobody else picks the same row.
A14: 4. Each row is one road segment: road_name, between from_cross_street and to_cross_street, in the given city. "(nearby)" means the cross street is near but not touching that end; "(next block)" means both ends meet the same street; "(see map)" means use map_link to see where it is.
A16: ## Step-by-step for each row
A17: 1. Click the street_view_link in that row. It opens Google Maps in Street View at a point in the middle of the segment, facing along the road.
... A65: - For two-source agreement (the plan requires two agreeing sources before a popular-route segment shows as verified), the sheet gets second_checker_initials and second_posted_speed_mph columns. A different person re-checks a row without looking at the first answer; the row is verified only when both match. The Summary tab tracks done, mismatches against our map, and percent complete.

Sheet Summary
A1: metric | B1: value
A2: total roads | B2: =COUNTA(Roads!A2:A1001)
A3: done | B3: =COUNTIF(Roads!P2:P1001,"done")
A4: can't tell | B4: =COUNTIF(Roads!P2:P1001,"can't tell")
A5: pending | B5: =COUNTIF(Roads!P2:P1001,"pending")
A6: percent done | B6: =IF(B2=0,0,(B3+B4)/B2)
A7: compared (sign read and we have a GIS/survey value) | B7: =COUNTIF(Roads!V2:V1001,"Y")+COUNTIF(Roads!V2:V1001,"N")
A8: agreed (Y) | B8: =COUNTIF(Roads!V2:V1001,"Y")
A9: disagreed (N) | B9: =COUNTIF(Roads!V2:V1001,"N")
A10: % agreed | B10: =IF(B7=0,"",B8/B7)
A11: mismatched vs our map (done rows) | B11: =SUMPRODUCT((Roads!P2:P1001="done")*(Roads!L2:L1001<>"")*(Roads!L2:L1001<>Roads!G2:G1001))
A12: red island rows | B12: =COUNTIF(Roads!X2:X1001,"RED ISLAND*")
